{
  "prefs": [
    {
      "id": 1,
      "code": "01",
      "kanji": "北海道",
      "kana": "ほっかいどう",
      "romaji": "hokkaidou",
      "regionId": 1,
      "regionLabel": "北海道",
      "silhouette": "images/silhouettes/1_hokkaidou.png",
      "mapHighlight": "map/highlight/01_hokkaidou.png"
    },
    {
      "id": 2,
      "code": "02",
      "kanji": "青森県",
      "kana": "あおもりけん",
      "romaji": "aomori",
      "regionId": 2,
      "regionLabel": "東北",
      "silhouette": "images/silhouettes/2_touhoku1__aomori.png",
      "mapHighlight": "map/highlight/02_aomori.png"
    },
    {
      "id": 3,
      "code": "03",
      "kanji": "岩手県",
      "kana": "いわてけん",
      "romaji": "iwate",
      "regionId": 2,
      "regionLabel": "東北",
      "silhouette": "images/silhouettes/2_touhoku2__iwate.png",
      "mapHighlight": "map/highlight/03_iwate.png"
    },
    {
      "id": 4,
      "code": "04",
      "kanji": "宮城県",
      "kana": "みやぎけん",
      "romaji": "miyagi",
      "regionId": 2,
      "regionLabel": "東北",
      "silhouette": "images/silhouettes/2_touhoku3__miyagi.png",
      "mapHighlight": "map/highlight/04_miyagi.png"
    },
    {
      "id": 5,
      "code": "05",
      "kanji": "秋田県",
      "kana": "あきたけん",
      "romaji": "akita",
      "regionId": 2,
      "regionLabel": "東北",
      "silhouette": "images/silhouettes/2_touhoku4__akita.png",
      "mapHighlight": "map/highlight/05_akita.png"
    },
    {
      "id": 6,
      "code": "06",
      "kanji": "山形県",
      "kana": "やまがたけん",
      "romaji": "yamagata",
      "regionId": 2,
      "regionLabel": "東北",
      "silhouette": "images/silhouettes/2_touhoku5__yamagata.png",
      "mapHighlight": "map/highlight/06_yamagata.png"
    },
    {
      "id": 7,
      "code": "07",
      "kanji": "福島県",
      "kana": "ふくしまけん",
      "romaji": "fukushima",
      "regionId": 2,
      "regionLabel": "東北",
      "silhouette": "images/silhouettes/2_touhoku6__fukushima.png",
      "mapHighlight": "map/highlight/07_fukushima.png"
    },
    {
      "id": 8,
      "code": "08",
      "kanji": "茨城県",
      "kana": "いばらきけん",
      "romaji": "ibaraki",
      "regionId": 3,
      "regionLabel": "関東",
      "silhouette": "images/silhouettes/3_kantou1__ibaraki.png",
      "mapHighlight": "map/highlight/08_ibaraki.png"
    },
    {
      "id": 9,
      "code": "09",
      "kanji": "栃木県",
      "kana": "とちぎけん",
      "romaji": "tochigi",
      "regionId": 3,
      "regionLabel": "関東",
      "silhouette": "images/silhouettes/3_kantou2__tochigi.png",
      "mapHighlight": "map/highlight/09_tochigi.png"
    },
    {
      "id": 10,
      "code": "10",
      "kanji": "群馬県",
      "kana": "ぐんまけん",
      "romaji": "gunma",
      "regionId": 3,
      "regionLabel": "関東",
      "silhouette": "images/silhouettes/3_kantou3__gunma.png",
      "mapHighlight": "map/highlight/10_gunma.png"
    },
    {
      "id": 11,
      "code": "11",
      "kanji": "埼玉県",
      "kana": "さいたまけん",
      "romaji": "saitama",
      "regionId": 3,
      "regionLabel": "関東",
      "silhouette": "images/silhouettes/3_kantou4__saitama.png",
      "mapHighlight": "map/highlight/11_saitama.png"
    },
    {
      "id": 12,
      "code": "12",
      "kanji": "千葉県",
      "kana": "ちばけん",
      "romaji": "chiba",
      "regionId": 3,
      "regionLabel": "関東",
      "silhouette": "images/silhouettes/3_kantou5__chiba.png",
      "mapHighlight": "map/highlight/12_chiba.png"
    },
    {
      "id": 13,
      "code": "13",
      "kanji": "東京都",
      "kana": "とうきょうと",
      "romaji": "tokyo",
      "regionId": 3,
      "regionLabel": "関東",
      "silhouette": "images/silhouettes/3_kantou6__tokyo.png",
      "mapHighlight": "map/highlight/13_tokyo.png"
    },
    {
      "id": 14,
      "code": "14",
      "kanji": "神奈川県",
      "kana": "かながわけん",
      "romaji": "kanagawa",
      "regionId": 3,
      "regionLabel": "関東",
      "silhouette": "images/silhouettes/3_kantou7__kanagawa.png",
      "mapHighlight": "map/highlight/14_kanagawa.png"
    },
    {
      "id": 15,
      "code": "15",
      "kanji": "新潟県",
      "kana": "にいがたけん",
      "romaji": "niigata",
      "regionId": 4,
      "regionLabel": "中部",
      "silhouette": "images/silhouettes/4_chuubu3_niigata.png",
      "mapHighlight": "map/highlight/15_niigata.png"
    },
    {
      "id": 16,
      "code": "16",
      "kanji": "富山県",
      "kana": "とやまけん",
      "romaji": "toyama",
      "regionId": 4,
      "regionLabel": "中部",
      "silhouette": "images/silhouettes/4_chuubu4_toyama.png",
      "mapHighlight": "map/highlight/16_toyama.png"
    },
    {
      "id": 17,
      "code": "17",
      "kanji": "石川県",
      "kana": "いしかわけん",
      "romaji": "ishikawa",
      "regionId": 4,
      "regionLabel": "中部",
      "silhouette": "images/silhouettes/4_chuubu5_ishikawa.png",
      "mapHighlight": "map/highlight/17_ishikawa.png"
    },
    {
      "id": 18,
      "code": "18",
      "kanji": "福井県",
      "kana": "ふくいけん",
      "romaji": "fukui",
      "regionId": 4,
      "regionLabel": "中部",
      "silhouette": "images/silhouettes/4_chuubu6_fukui.png",
      "mapHighlight": "map/highlight/18_fukui.png"
    },
    {
      "id": 19,
      "code": "19",
      "kanji": "山梨県",
      "kana": "やまなしけん",
      "romaji": "yamanashi",
      "regionId": 4,
      "regionLabel": "中部",
      "silhouette": "images/silhouettes/4_chuubu1_yamanashi.png",
      "mapHighlight": "map/highlight/19_yamanashi.png"
    },
    {
      "id": 20,
      "code": "20",
      "kanji": "長野県",
      "kana": "ながのけん",
      "romaji": "nagano",
      "regionId": 4,
      "regionLabel": "中部",
      "silhouette": "images/silhouettes/4_chuubu2_nagano.png",
      "mapHighlight": "map/highlight/20_nagano.png"
    },
    {
      "id": 21,
      "code": "21",
      "kanji": "岐阜県",
      "kana": "ぎふけん",
      "romaji": "gifu",
      "regionId": 4,
      "regionLabel": "中部",
      "silhouette": "images/silhouettes/4_chuubu9_gifu.png",
      "mapHighlight": "map/highlight/21_gifu.png"
    },
    {
      "id": 22,
      "code": "22",
      "kanji": "静岡県",
      "kana": "しずおかけん",
      "romaji": "shizuoka",
      "regionId": 4,
      "regionLabel": "中部",
      "silhouette": "images/silhouettes/4_chuubu7_shizuoka.png",
      "mapHighlight": "map/highlight/22_shizuoka.png"
    },
    {
      "id": 23,
      "code": "23",
      "kanji": "愛知県",
      "kana": "あいちけん",
      "romaji": "aichi",
      "regionId": 4,
      "regionLabel": "中部",
      "silhouette": "images/silhouettes/4_chuubu8_aichi.png",
      "mapHighlight": "map/highlight/23_aichi.png"
    },
    {
      "id": 24,
      "code": "24",
      "kanji": "三重県",
      "kana": "みえけん",
      "romaji": "mie",
      "regionId": 5,
      "regionLabel": "近畿",
      "silhouette": "images/silhouettes/5_kinki1_mie.png",
      "mapHighlight": "map/highlight/24_mie.png"
    },
    {
      "id": 25,
      "code": "25",
      "kanji": "滋賀県",
      "kana": "しがけん",
      "romaji": "shiga",
      "regionId": 5,
      "regionLabel": "近畿",
      "silhouette": "images/silhouettes/5_kinki2_shiga.png",
      "mapHighlight": "map/highlight/25_shiga.png"
    },
    {
      "id": 26,
      "code": "26",
      "kanji": "京都府",
      "kana": "きょうとふ",
      "romaji": "kyoto",
      "regionId": 5,
      "regionLabel": "近畿",
      "silhouette": "images/silhouettes/5_kinki3_kyouto.png",
      "mapHighlight": "map/highlight/26_kyoto.png"
    },
    {
      "id": 27,
      "code": "27",
      "kanji": "大阪府",
      "kana": "おおさかふ",
      "romaji": "osaka",
      "regionId": 5,
      "regionLabel": "近畿",
      "silhouette": "images/silhouettes/5_kinki4_osaka.png",
      "mapHighlight": "map/highlight/27_osaka.png"
    },
    {
      "id": 28,
      "code": "28",
      "kanji": "兵庫県",
      "kana": "ひょうごけん",
      "romaji": "hyogo",
      "regionId": 5,
      "regionLabel": "近畿",
      "silhouette": "images/silhouettes/5_kinki5_hyougo.png",
      "mapHighlight": "map/highlight/28_hyogo.png"
    },
    {
      "id": 29,
      "code": "29",
      "kanji": "奈良県",
      "kana": "ならけん",
      "romaji": "nara",
      "regionId": 5,
      "regionLabel": "近畿",
      "silhouette": "images/silhouettes/5_kinki6_nara.png",
      "mapHighlight": "map/highlight/29_nara.png"
    },
    {
      "id": 30,
      "code": "30",
      "kanji": "和歌山県",
      "kana": "わかやまけん",
      "romaji": "wakayama",
      "regionId": 5,
      "regionLabel": "近畿",
      "silhouette": "images/silhouettes/5_kinki7_wakayama.png",
      "mapHighlight": "map/highlight/30_wakayama.png"
    },
    {
      "id": 31,
      "code": "31",
      "kanji": "鳥取県",
      "kana": "とっとりけん",
      "romaji": "tottori",
      "regionId": 6,
      "regionLabel": "中国",
      "silhouette": "images/silhouettes/6_chuugoku1_tottori.png",
      "mapHighlight": "map/highlight/31_tottori.png"
    },
    {
      "id": 32,
      "code": "32",
      "kanji": "島根県",
      "kana": "しまねけん",
      "romaji": "shimane",
      "regionId": 6,
      "regionLabel": "中国",
      "silhouette": "images/silhouettes/6_chuugoku2_shimane.png",
      "mapHighlight": "map/highlight/32_shimane.png"
    },
    {
      "id": 33,
      "code": "33",
      "kanji": "岡山県",
      "kana": "おかやまけん",
      "romaji": "okayama",
      "regionId": 6,
      "regionLabel": "中国",
      "silhouette": "images/silhouettes/6_chuugoku3_okayama.png",
      "mapHighlight": "map/highlight/33_okayama.png"
    },
    {
      "id": 34,
      "code": "34",
      "kanji": "広島県",
      "kana": "ひろしまけん",
      "romaji": "hiroshima",
      "regionId": 6,
      "regionLabel": "中国",
      "silhouette": null,
      "mapHighlight": "map/highlight/34_hiroshima.png"
    },
    {
      "id": 35,
      "code": "35",
      "kanji": "山口県",
      "kana": "やまぐちけん",
      "romaji": "yamaguchi",
      "regionId": 6,
      "regionLabel": "中国",
      "silhouette": "images/silhouettes/6_chuugoku5_yamaguchi.png",
      "mapHighlight": "map/highlight/35_yamaguchi.png"
    },
    {
      "id": 36,
      "code": "36",
      "kanji": "徳島県",
      "kana": "とくしまけん",
      "romaji": "tokushima",
      "regionId": 7,
      "regionLabel": "四国",
      "silhouette": "images/silhouettes/7_shikoku3_tokushima.png",
      "mapHighlight": "map/highlight/36_tokushima.png"
    },
    {
      "id": 37,
      "code": "37",
      "kanji": "香川県",
      "kana": "かがわけん",
      "romaji": "kagawa",
      "regionId": 7,
      "regionLabel": "四国",
      "silhouette": "images/silhouettes/7_shikoku1_kagawa.png",
      "mapHighlight": "map/highlight/37_kagawa.png"
    },
    {
      "id": 38,
      "code": "38",
      "kanji": "愛媛県",
      "kana": "えひめけん",
      "romaji": "ehime",
      "regionId": 7,
      "regionLabel": "四国",
      "silhouette": "images/silhouettes/7_shikoku2_ehime.png",
      "mapHighlight": "map/highlight/38_ehime.png"
    },
    {
      "id": 39,
      "code": "39",
      "kanji": "高知県",
      "kana": "こうちけん",
      "romaji": "kochi",
      "regionId": 7,
      "regionLabel": "四国",
      "silhouette": "images/silhouettes/7_shikoku4_kouchi.png",
      "mapHighlight": "map/highlight/39_kochi.png"
    },
    {
      "id": 40,
      "code": "40",
      "kanji": "福岡県",
      "kana": "ふくおかけん",
      "romaji": "fukuoka",
      "regionId": 8,
      "regionLabel": "九州",
      "silhouette": "images/silhouettes/8_kyuusyuu1_fukuoka.png",
      "mapHighlight": "map/highlight/40_fukuoka.png"
    },
    {
      "id": 41,
      "code": "41",
      "kanji": "佐賀県",
      "kana": "さがけん",
      "romaji": "saga",
      "regionId": 8,
      "regionLabel": "九州",
      "silhouette": "images/silhouettes/8_kyuusyuu2_saga.png",
      "mapHighlight": "map/highlight/41_saga.png"
    },
    {
      "id": 42,
      "code": "42",
      "kanji": "長崎県",
      "kana": "ながさきけん",
      "romaji": "nagasaki",
      "regionId": 8,
      "regionLabel": "九州",
      "silhouette": "images/silhouettes/8_kyuusyuu3_nagasaki.png",
      "mapHighlight": "map/highlight/42_nagasaki.png"
    },
    {
      "id": 43,
      "code": "43",
      "kanji": "熊本県",
      "kana": "くまもとけん",
      "romaji": "kumamoto",
      "regionId": 8,
      "regionLabel": "九州",
      "silhouette": "images/silhouettes/8_kyuusyuu4_kumamoto.png",
      "mapHighlight": "map/highlight/43_kumamoto.png"
    },
    {
      "id": 44,
      "code": "44",
      "kanji": "大分県",
      "kana": "おおいたけん",
      "romaji": "ooita",
      "regionId": 8,
      "regionLabel": "九州",
      "silhouette": "images/silhouettes/8_kyuusyuu5_ooita.png",
      "mapHighlight": "map/highlight/44_ooita.png"
    },
    {
      "id": 45,
      "code": "45",
      "kanji": "宮崎県",
      "kana": "みやざきけん",
      "romaji": "miyazaki",
      "regionId": 8,
      "regionLabel": "九州",
      "silhouette": "images/silhouettes/8_kyuusyuu6_miyazaki.png",
      "mapHighlight": "map/highlight/45_miyazaki.png"
    },
    {
      "id": 46,
      "code": "46",
      "kanji": "鹿児島県",
      "kana": "かごしまけん",
      "romaji": "kagoshima",
      "regionId": 8,
      "regionLabel": "九州",
      "silhouette": "images/silhouettes/8_kyuusyuu7_kagoshima.png",
      "mapHighlight": "map/highlight/46_kagoshima.png"
    },
    {
      "id": 47,
      "code": "47",
      "kanji": "沖縄県",
      "kana": "おきなわけん",
      "romaji": "okinawa",
      "regionId": 9,
      "regionLabel": "沖縄",
      "silhouette": "images/silhouettes/9_okinawa.png",
      "mapHighlight": "map/highlight/47_okinawa.png"
    }
  ],
  "missing": [
    [
      34,
      "hiroshima",
      "広島県"
    ]
  ]
}